{
    "name": "bootstrap-show-password",
    "version": "1.1.2",
    "title": "Bootstrap Show Password",
    "description": "Show/hide password plugin for twitter bootstrap.",
    "author": {
        "name": "zhixin wen",
        "email": "wenzhixin2010@gmail.com",
        "url": "http://wenzhixin.net.cn/"
    },
    "licenses": [
        {
            "type": "MIT License",
            "url": "http://opensource.org/licenses/MIT"
        }
    ],
    "dependencies": {
        "jquery": ">=1.7"
    },
    "keywords": ["bootstrap.password", "show.password", "hide.password"],
    "homepage": "https://github.com/wenzhixin/bootstrap-show-password",
    "demo": "http://wenzhixin.net.cn/p/bootstrap-show-password/",
    "bugs": {
        "url": "https://github.com/wenzhixin/bootstrap-show-password/issues"
    },
    "docs": "https://github.com/wenzhixin/bootstrap-show-password#usage",
    "download": "https://github.com/wenzhixin/bootstrap-show-password/archive/master.zip"
}
